1,Amidala Industries L . L . C ,Humans
2,Organa Corp L . L . C ,Humans
3,The Emperor's Trove L . L . C ,Mixed
4,Coruscant Industries L . L . C ,Mixed
5,Nebula Enterprises L . L . C ,Humans
6,Galactic Innovations Co. L . L . C ,Humans
7,Starlight Solutions L . L . C ,Mixed
8,Nova Nexus L . L . C ,Mixed
9,Infinity Imports L . L . C ,Humans
10,Celestial Creations L . L . C ,Humans
11,Solar Syndicate L . L . C ,Mixed
12,Aurora Suppliers L . L . C ,Mixed
13,Cosmic Ventures L . L . C ,Humans
14,Stellar Sources L . L . C ,Humans
15,Orion Outfitters L . L . C ,Mixed
16,Lunar Logistics L . L . C ,Mixed
17,Titan Traders L . L . C ,Humans
18,Comet Commerce L . L . C ,Humans
19,Interstellar Imports L . L . C ,Mixed
20,Skyward Suppliers L . L . C ,Mixed
21,Astral Assets L . L . C ,Humans
22,Nova Nomads L . L . C ,Humans
23,Celestial Commodities L . L . C ,Mixed
24,Apollo Associates L . L . C ,Mixed
25,Cosmic Commerce L . L . C ,Humans
26,Orion Operations L . L . C ,Humans
27,Lunar Links L . L . C ,Mixed
28,Phoenix Partners L . L . C ,Mixed
29,Galactic Goods Co. L . L . C ,Humans
30,Stardust Suppliers L . L . C ,Humans
31,Interstellar Industries L . L . C ,Mixed
32,Solar System Solutions L . L . C ,Mixed
33,Cosmic Connections L . L . C ,Humans
34,Skyward Solutions L . L . C ,Humans
35,Nebula Networks L . L . C ,Mixed
36,Celestial Suppliers L . L . C ,Mixed
37,Starlight Syndicate L . L . C ,Humans
38,Titan Trade Co. L . L . C ,Humans
39,Comet Consortium L . L . C ,Mixed
40,Astral Alliance L . L . C ,Mixed
41,Infinity Investments L . L . C ,Humans
42,Galactic Innovations Co. L . L . C ,Humans
43,Solar Syndicate L . L . C ,Mixed
44,Nova Nexus L . L . C ,Mixed
45,Orion Outfitters L . L . C ,Humans
46,Lunar Logistics L . L . C ,Humans
47,Titan Traders L . L . C ,Mixed
48,Comet Commerce L . L . C ,Mixed
49,Interstellar Imports L . L . C ,Humans
50,Skyward Suppliers L . L . C ,Humans
51,Astral Assets L . L . C ,Mixed
52,Nova Nomads L . L . C ,Mixed
53,Celestial Commodities L . L . C ,Humans
54,Apollo Associates L . L . C ,Humans
55,Cosmic Commerce L . L . C ,Mixed
56,Orion Operations L . L . C ,Mixed
57,Lunar Links L . L . C ,Humans
58,Phoenix Partners L . L . C ,Humans
59,Galactic Goods Co. L . L . C ,Mixed
60,Stardust Suppliers L . L . C ,Mixed
61,Interstellar Industries L . L . C ,Humans
62,Solar System Solutions L . L . C ,Humans
63,Cosmic Connections L . L . C ,Mixed
64,Skyward Solutions L . L . C ,Humans
65,Nebula Networks L . L . C ,Humans
66,Celestial Suppliers L . L . C ,Mixed
67,Starlight Syndicate L . L . C ,Mixed
68,Titan Trade Co. L . L . C ,Humans
69,Comet Consortium L . L . C ,Humans
70,Astral Alliance L . L . C ,Mixed
71,Infinity Investments L . L . C ,Mixed
72,Nebula Enterprises L . L . C ,Humans
73,Galactic Innovations Co. L . L . C ,Humans
74,Starlight Solutions L . L . C ,Mixed
75,Nova Nexus L . L . C ,Mixed
76,Solar Syndicate L . L . C ,Humans
77,Aurora Suppliers L . L . C ,Humans
78,Cosmic Ventures L . L . C ,Mixed
79,Stellar Sources L . L . C ,Mixed
80,Orion Outfitters L . L . C ,Humans
81,Lunar Logistics L . L . C ,Humans
82,Titan Traders L . L . C ,Mixed
83,Comet Commerce L . L . C ,Mixed
84,Interstellar Imports L . L . C ,Humans
85,Skyward Suppliers L . L . C ,Humans
86,Astral Assets L . L . C ,Mixed
87,Nova Nomads L . L . C ,Mixed
88,Celestial Commodities L . L . C ,Humans
89,Apollo Associates L . L . C ,Humans
90,Cosmic Commerce L . L . C ,Mixed
91,Orion Operations L . L . C ,Mixed
92,Lunar Links L . L . C ,Humans
93,Phoenix Partners L . L . C ,Humans
94,Galactic Goods Co. L . L . C ,Mixed
95,Stardust Suppliers L . L . C ,Mixed
96,Interstellar Industries L . L . C ,Humans
97,Solar System Solutions L . L . C ,Humans
98,Cosmic Connections L . L . C ,Mixed
99,Skyward Solutions L . L . C ,Mixed
100,Nebula Networks L . L . C ,Humans
101,Celestial Suppliers L . L . C ,Humans
102,Starlight Syndicate L . L . C ,Mixed
103,Titan Trade Co. L . L . C ,Mixed
104,Comet Consortium L . L . C ,Humans
105,Astral Alliance L . L . C ,Humans
106,Infinity Investments L . L . C ,Mixed
107,Nebula Enterprises L . L . C ,Mixed
108,Galactic Innovations Co. L . L . C ,Humans
109,Starlight Solutions L . L . C ,Humans
110,Nova Nexus L . L . C ,Mixed
111,Solar Syndicate L . L . C ,Mixed
112,Aurora Suppliers L . L . C ,Humans
113,Cosmic Ventures L . L . C ,Humans
114,Stellar Sources L . L . C ,Mixed
115,Orion Outfitters L . L . C ,Mixed
116,Lunar Logistics L . L . C ,Humans
117,Titan Traders L . L . C ,Humans
118,Comet Commerce L . L . C ,Mixed
119,Interstellar Imports L . L . C ,Mixed
120,Skyward Suppliers L . L . C ,Humans
121,Astral Assets L . L . C ,Humans
122,Nova Nomads L . L . C ,Mixed
123,Celestial Commodities L . L . C ,Mixed
124,Apollo Associates L . L . C ,Humans
125,Cosmic Commerce L . L . C ,Humans
126,Orion Operations L . L . C ,Mixed
127,Lunar Links L . L . C ,Humans
128,Phoenix Partners L . L . C ,Humans
129,Galactic Goods Co. L . L . C ,Mixed
130,Stardust Suppliers L . L . C ,Mixed
131,Interstellar Industries L . L . C ,Humans
132,Solar System Solutions L . L . C ,Humans
133,Cosmic Connections L . L . C ,Mixed
134,Skyward Solutions L . L . C ,Mixed
135,Nebula Networks L . L . C ,Humans
136,Celestial Suppliers L . L . C ,Humans
137,Starlight Syndicate L . L . C ,Mixed
138,Titan Trade Co. L . L . C ,Mixed
139,Comet Consortium L . L . C ,Humans
140,Astral Alliance L . L . C ,Humans
141,Infinity Investments L . L . C ,Mixed
142,Nebula Enterprises L . L . C ,Mixed
143,Galactic Innovations Co. L . L . C ,Humans
144,Starlight Solutions L . L . C ,Humans
145,Nova Nexus L . L . C ,Mixed
146,Solar Syndicate L . L . C ,Mixed
147,Aurora Suppliers L . L . C ,Humans
148,Cosmic Ventures L . L . C ,Humans
149,Stellar Sources L . L . C ,Mixed
150,Orion Outfitters L . L . C ,Mixed
151,Lunar Logistics L . L . C ,Humans
152,Titan Traders L . L . C ,Humans
153,Comet Commerce L . L . C ,Mixed
154,Interstellar Imports L . L . C ,Mixed
155,Skyward Suppliers L . L . C ,Humans
156,Astral Assets L . L . C ,Humans
157,Nova Nomads L . L . C ,Mixed
158,Celestial Commodities L . L . C ,Mixed
159,Apollo Associates L . L . C ,Humans
160,Cosmic Commerce L . L . C ,Humans
161,Orion Operations L . L . C ,Mixed
162,Lunar Links L . L . C ,Mixed
163,Phoenix Partners L . L . C ,Humans
164,Galactic Goods Co. L . L . C ,Humans
165,Stardust Suppliers L . L . C ,Mixed
166,Interstellar Industries L . L . C ,Mixed
167,Solar System Solutions L . L . C ,Humans
168,Cosmic Connections L . L . C ,Humans
169,Skyward Solutions L . L . C ,Mixed
170,Nebula Networks L . L . C ,Mixed
171,Celestial Suppliers L . L . C ,Humans
172,Starlight Syndicate L . L . C ,Humans
173,Titan Trade Co. L . L . C ,Mixed
174,Comet Consortium L . L . C ,Mixed
175,Astral Alliance L . L . C ,Humans
176,Infinity Investments L . L . C ,Humans
177,Nebula Enterprises L . L . C ,Mixed
178,Galactic Innovations Co. L . L . C ,Mixed
179,Starlight Solutions L . L . C ,Humans
180,Nova Nexus L . L . C ,Humans
181,Solar Syndicate L . L . C ,Mixed
182,Aurora Suppliers L . L . C ,Mixed
183,Cosmic Ventures L . L . C ,Humans
184,Stellar Sources L . L . C ,Humans
185,Orion Outfitters L . L . C ,Mixed
186,Lunar Logistics L . L . C ,Mixed
187,Titan Traders L . L . C ,Humans
188,Comet Commerce L . L . C ,Humans
189,Interstellar Imports L . L . C ,Mixed
190,Skyward Suppliers L . L . C ,Humans
191,Astral Assets L . L . C ,Humans
192,Nova Nomads L . L . C ,Mixed
193,Celestial Commodities L . L . C ,Mixed
194,Apollo Associates L . L . C ,Humans
195,Cosmic Commerce L . L . C ,Humans
196,Orion Operations L . L . C ,Mixed
197,Lunar Links L . L . C ,Mixed
198,Phoenix Partners L . L . C ,Humans
199,Galactic Goods Co. L . L . C ,Humans
200,Stardust Suppliers L . L . C ,Mixed
201,Amidala Industries General Trading,Mixed
202,Organa Corp General Trading,Humans
203,The Emperor's Trove General Trading,Humans
204,Coruscant Industries General Trading,Mixed
205,Nebula Enterprises General Trading,Mixed
206,Galactic Innovations Co. General Trading,Humans
207,Starlight Solutions General Trading,Humans
208,Nova Nexus General Trading,Mixed
209,Infinity Imports General Trading,Mixed
210,Celestial Creations General Trading,Humans
211,Solar Syndicate General Trading,Humans
212,Aurora Suppliers General Trading,Mixed
213,Cosmic Ventures General Trading,Mixed
214,Stellar Sources General Trading,Humans
215,Orion Outfitters General Trading,Humans
216,Lunar Logistics General Trading,Mixed
217,Titan Traders General Trading,Mixed
218,Comet Commerce General Trading,Humans
219,Interstellar Imports General Trading,Humans
220,Skyward Suppliers General Trading,Mixed
221,Astral Assets General Trading,Mixed
222,Nova Nomads General Trading,Humans
223,Celestial Commodities General Trading,Humans
224,Apollo Associates General Trading,Mixed
225,Cosmic Commerce General Trading,Mixed
226,Orion Operations General Trading,Humans
227,Lunar Links General Trading,Humans
228,Phoenix Partners General Trading,Mixed
229,Galactic Goods Co. General Trading,Mixed
230,Stardust Suppliers General Trading,Humans
231,Interstellar Industries General Trading,Humans
232,Solar System Solutions General Trading,Mixed
233,Cosmic Connections General Trading,Mixed
234,Skyward Solutions General Trading,Humans
235,Nebula Networks General Trading,Humans
236,Celestial Suppliers General Trading,Mixed
237,Starlight Syndicate General Trading,Mixed
238,Titan Trade Co. General Trading,Humans
239,Comet Consortium General Trading,Humans
240,Astral Alliance General Trading,Mixed
241,Infinity Investments General Trading,Mixed
242,Galactic Innovations Co. General Trading,Humans
243,Solar Syndicate General Trading,Humans
244,Nova Nexus General Trading,Mixed
245,Orion Outfitters General Trading,Mixed
246,Lunar Logistics General Trading,Humans
247,Titan Traders General Trading,Humans
248,Comet Commerce General Trading,Mixed
249,Interstellar Imports General Trading,Mixed
250,Skyward Suppliers General Trading,Humans
251,Astral Assets General Trading,Humans
252,Nova Nomads General Trading,Mixed
253,Celestial Commodities General Trading,Humans
254,Apollo Associates General Trading,Humans
255,Cosmic Commerce General Trading,Mixed
256,Orion Operations General Trading,Mixed
257,Lunar Links General Trading,Humans
258,Phoenix Partners General Trading,Humans
259,Galactic Goods Co. General Trading,Mixed
260,Stardust Suppliers General Trading,Mixed
261,Interstellar Industries General Trading,Humans
262,Solar System Solutions General Trading,Humans
263,Cosmic Connections General Trading,Mixed
264,Skyward Solutions General Trading,Mixed
265,Nebula Networks General Trading,Humans
266,Celestial Suppliers General Trading,Humans
267,Starlight Syndicate General Trading,Mixed
268,Titan Trade Co. General Trading,Mixed
269,Comet Consortium General Trading,Humans
270,Astral Alliance General Trading,Humans
271,Infinity Investments General Trading,Mixed
272,Nebula Enterprises General Trading,Mixed
273,Galactic Innovations Co. General Trading,Humans
274,Starlight Solutions General Trading,Humans
275,Nova Nexus General Trading,Mixed
276,Solar Syndicate General Trading,Mixed
277,Aurora Suppliers General Trading,Humans
278,Cosmic Ventures General Trading,Humans
279,Stellar Sources General Trading,Mixed
280,Orion Outfitters General Trading,Mixed
281,Lunar Logistics General Trading,Humans
282,Titan Traders General Trading,Humans
283,Comet Commerce General Trading,Mixed
284,Interstellar Imports General Trading,Mixed
285,Skyward Suppliers General Trading,Humans
286,Astral Assets General Trading,Humans
287,Nova Nomads General Trading,Mixed
288,Celestial Commodities General Trading,Mixed
289,Apollo Associates General Trading,Humans
290,Cosmic Commerce General Trading,Humans
291,Orion Operations General Trading,Mixed
292,Lunar Links General Trading,Mixed
293,Phoenix Partners General Trading,Humans
294,Galactic Goods Co. General Trading,Humans
295,Stardust Suppliers General Trading,Mixed
296,Interstellar Industries General Trading,Mixed
297,Solar System Solutions General Trading,Humans
298,Cosmic Connections General Trading,Humans
299,Skyward Solutions General Trading,Mixed
300,Nebula Networks General Trading,Mixed
301,Celestial Suppliers General Trading,Humans
302,Starlight Syndicate General Trading,Humans
303,Titan Trade Co. General Trading,Mixed
304,Comet Consortium General Trading,Mixed
305,Astral Alliance General Trading,Humans
306,Infinity Investments General Trading,Humans
307,Nebula Enterprises General Trading,Mixed
308,Galactic Innovations Co. General Trading,Mixed
309,Starlight Solutions General Trading,Humans
310,Nova Nexus General Trading,Humans
311,Solar Syndicate General Trading,Mixed
312,Aurora Suppliers General Trading,Mixed
313,Cosmic Ventures General Trading,Humans
314,Stellar Sources General Trading,Humans
315,Orion Outfitters General Trading,Mixed
316,Lunar Logistics General Trading,Humans
317,Titan Traders General Trading,Humans
318,Comet Commerce General Trading,Mixed
319,Interstellar Imports General Trading,Mixed
320,Skyward Suppliers General Trading,Humans
321,Astral Assets General Trading,Humans
322,Nova Nomads General Trading,Mixed
323,Celestial Commodities General Trading,Mixed
324,Apollo Associates General Trading,Humans
325,Cosmic Commerce General Trading,Humans
326,Orion Operations General Trading,Mixed
327,Lunar Links General Trading,Mixed
328,Phoenix Partners General Trading,Humans
329,Galactic Goods Co. General Trading,Humans
330,Stardust Suppliers General Trading,Mixed
331,Interstellar Industries General Trading,Mixed
332,Solar System Solutions General Trading,Humans
333,Cosmic Connections General Trading,Humans
334,Skyward Solutions General Trading,Mixed
335,Nebula Networks General Trading,Mixed
336,Celestial Suppliers General Trading,Humans
337,Starlight Syndicate General Trading,Humans
338,Titan Trade Co. General Trading,Mixed
339,Comet Consortium General Trading,Mixed
340,Astral Alliance General Trading,Humans
341,Infinity Investments General Trading,Humans
342,Nebula Enterprises General Trading,Mixed
343,Galactic Innovations Co. General Trading,Mixed
344,Starlight Solutions General Trading,Humans
345,Nova Nexus General Trading,Humans
346,Solar Syndicate General Trading,Mixed
347,Aurora Suppliers General Trading,Mixed
348,Cosmic Ventures General Trading,Humans
349,Stellar Sources General Trading,Humans
350,Orion Outfitters General Trading,Mixed
351,Lunar Logistics General Trading,Mixed
352,Titan Traders General Trading,Humans
353,Comet Commerce General Trading,Humans
354,Interstellar Imports General Trading,Mixed
355,Skyward Suppliers General Trading,Mixed
356,Astral Assets General Trading,Humans
357,Nova Nomads General Trading,Humans
358,Celestial Commodities General Trading,Mixed
359,Apollo Associates General Trading,Mixed
360,Cosmic Commerce General Trading,Humans
361,Orion Operations General Trading,Humans
362,Lunar Links General Trading,Mixed
363,Phoenix Partners General Trading,Mixed
364,Galactic Goods Co. General Trading,Humans
365,Stardust Suppliers General Trading,Humans
366,Interstellar Industries General Trading,Mixed
367,Solar System Solutions General Trading,Mixed
368,Cosmic Connections General Trading,Humans
369,Skyward Solutions General Trading,Humans
370,Nebula Networks General Trading,Mixed
371,Celestial Suppliers General Trading,Mixed
372,Starlight Syndicate General Trading,Humans
373,Titan Trade Co. General Trading,Humans
374,Comet Consortium General Trading,Mixed
375,Astral Alliance General Trading,Mixed
376,Infinity Investments General Trading,Humans
377,Nebula Enterprises General Trading,Humans
378,Galactic Innovations Co. General Trading,Mixed
379,Starlight Solutions General Trading,Humans
380,Nova Nexus General Trading,Humans
381,Solar Syndicate General Trading,Mixed
382,Aurora Suppliers General Trading,Mixed
383,Cosmic Ventures General Trading,Humans
384,Stellar Sources General Trading,Humans
385,Orion Outfitters General Trading,Mixed
386,Lunar Logistics General Trading,Mixed
387,Titan Traders General Trading,Humans
388,Comet Commerce General Trading,Humans
389,Interstellar Imports General Trading,Mixed
390,Skyward Suppliers General Trading,Mixed
391,Astral Assets General Trading,Humans
392,Nova Nomads General Trading,Humans
393,Celestial Commodities General Trading,Mixed
394,Apollo Associates General Trading,Mixed
395,Cosmic Commerce General Trading,Humans
396,Orion Operations General Trading,Humans
397,Lunar Links General Trading,Mixed
398,Phoenix Partners General Trading,Mixed
399,Galactic Goods Co. General Trading,Humans
400,Stardust Suppliers General Trading,Humans
401,Amidala Industries Limited ,Mixed
402,Organa Corp Limited ,Mixed
403,The Emperor's Trove Limited ,Humans
404,Coruscant Industries Limited ,Humans
405,Nebula Enterprises Limited ,Mixed
406,Galactic Innovations Co. Limited ,Mixed
407,Starlight Solutions Limited ,Humans
408,Nova Nexus Limited ,Humans
409,Infinity Imports Limited ,Mixed
410,Celestial Creations Limited ,Mixed
411,Solar Syndicate Limited ,Humans
412,Aurora Suppliers Limited ,Humans
413,Cosmic Ventures Limited ,Mixed
414,Stellar Sources Limited ,Mixed
415,Orion Outfitters Limited ,Humans
416,Lunar Logistics Limited ,Humans
417,Titan Traders Limited ,Mixed
418,Comet Commerce Limited ,Mixed
419,Interstellar Imports Limited ,Humans
420,Skyward Suppliers Limited ,Humans
421,Astral Assets Limited ,Mixed
422,Nova Nomads Limited ,Mixed
423,Celestial Commodities Limited ,Humans
424,Apollo Associates Limited ,Humans
425,Cosmic Commerce Limited ,Mixed
426,Orion Operations Limited ,Mixed
427,Lunar Links Limited ,Humans
428,Phoenix Partners Limited ,Humans
429,Galactic Goods Co. Limited ,Mixed
430,Stardust Suppliers Limited ,Mixed
431,Interstellar Industries Limited ,Humans
432,Solar System Solutions Limited ,Humans
433,Cosmic Connections Limited ,Mixed
434,Skyward Solutions Limited ,Mixed
435,Nebula Networks Limited ,Humans
436,Celestial Suppliers Limited ,Humans
437,Starlight Syndicate Limited ,Mixed
438,Titan Trade Co. Limited ,Mixed
439,Comet Consortium Limited ,Humans
440,Astral Alliance Limited ,Humans
441,Infinity Investments Limited ,Mixed
442,Galactic Innovations Co. Limited ,Humans
443,Solar Syndicate Limited ,Humans
444,Nova Nexus Limited ,Mixed
445,Orion Outfitters Limited ,Mixed
446,Lunar Logistics Limited ,Humans
447,Titan Traders Limited ,Humans
448,Comet Commerce Limited ,Mixed
449,Interstellar Imports Limited ,Mixed
450,Skyward Suppliers Limited ,Humans
451,Astral Assets Limited ,Humans
452,Nova Nomads Limited ,Mixed
453,Celestial Commodities Limited ,Mixed
454,Apollo Associates Limited ,Humans
455,Cosmic Commerce Limited ,Humans
456,Orion Operations Limited ,Mixed
457,Lunar Links Limited ,Mixed
458,Phoenix Partners Limited ,Humans
459,Galactic Goods Co. Limited ,Humans
460,Stardust Suppliers Limited ,Mixed
461,Interstellar Industries Limited ,Mixed
462,Solar System Solutions Limited ,Humans
463,Cosmic Connections Limited ,Humans
464,Skyward Solutions Limited ,Mixed
465,Nebula Networks Limited ,Mixed
466,Celestial Suppliers Limited ,Humans
467,Starlight Syndicate Limited ,Humans
468,Titan Trade Co. Limited ,Mixed
469,Comet Consortium Limited ,Mixed
470,Astral Alliance Limited ,Humans
471,Infinity Investments Limited ,Humans
472,Nebula Enterprises Limited ,Mixed
473,Galactic Innovations Co. Limited ,Mixed
474,Starlight Solutions Limited ,Humans
475,Nova Nexus Limited ,Humans
476,Solar Syndicate Limited ,Mixed
477,Aurora Suppliers Limited ,Mixed
478,Cosmic Ventures Limited ,Humans
479,Stellar Sources Limited ,Humans
480,Orion Outfitters Limited ,Mixed
481,Lunar Logistics Limited ,Mixed
482,Titan Traders Limited ,Humans
483,Comet Commerce Limited ,Humans
484,Interstellar Imports Limited ,Mixed
485,Skyward Suppliers Limited ,Mixed
486,Astral Assets Limited ,Humans
487,Nova Nomads Limited ,Humans
488,Celestial Commodities Limited ,Mixed
489,Apollo Associates Limited ,Mixed
490,Cosmic Commerce Limited ,Humans
491,Orion Operations Limited ,Humans
492,Lunar Links Limited ,Mixed
493,Phoenix Partners Limited ,Mixed
494,Galactic Goods Co. Limited ,Humans
495,Stardust Suppliers Limited ,Humans
496,Interstellar Industries Limited ,Mixed
497,Solar System Solutions Limited ,Mixed
498,Cosmic Connections Limited ,Humans
499,Skyward Solutions Limited ,Humans
500,Nebula Networks Limited ,Mixed
501,Celestial Suppliers Limited ,Mixed
502,Starlight Syndicate Limited ,Humans
503,Titan Trade Co. Limited ,Humans
504,Comet Consortium Limited ,Mixed
505,Astral Alliance Limited ,Humans
506,Infinity Investments Limited ,Humans
507,Nebula Enterprises Limited ,Mixed
508,Galactic Innovations Co. Limited ,Mixed
509,Starlight Solutions Limited ,Humans
510,Nova Nexus Limited ,Humans
511,Solar Syndicate Limited ,Mixed
512,Aurora Suppliers Limited ,Mixed
513,Cosmic Ventures Limited ,Humans
514,Stellar Sources Limited ,Humans
515,Orion Outfitters Limited ,Mixed
516,Lunar Logistics Limited ,Mixed
517,Titan Traders Limited ,Humans
518,Comet Commerce Limited ,Humans
519,Interstellar Imports Limited ,Mixed
520,Skyward Suppliers Limited ,Mixed
521,Astral Assets Limited ,Humans
522,Nova Nomads Limited ,Humans
523,Celestial Commodities Limited ,Mixed
524,Apollo Associates Limited ,Mixed
525,Cosmic Commerce Limited ,Humans
526,Orion Operations Limited ,Humans
527,Lunar Links Limited ,Mixed
528,Phoenix Partners Limited ,Mixed
529,Galactic Goods Co. Limited ,Humans
530,Stardust Suppliers Limited ,Humans
531,Interstellar Industries Limited ,Mixed
532,Solar System Solutions Limited ,Mixed
533,Cosmic Connections Limited ,Humans
534,Skyward Solutions Limited ,Humans
535,Nebula Networks Limited ,Mixed
536,Celestial Suppliers Limited ,Mixed
537,Starlight Syndicate Limited ,Humans
538,Titan Trade Co. Limited ,Humans
539,Comet Consortium Limited ,Mixed
540,Astral Alliance Limited ,Mixed
541,Infinity Investments Limited ,Humans
542,Nebula Enterprises Limited ,Humans
543,Galactic Innovations Co. Limited ,Mixed
544,Starlight Solutions Limited ,Mixed
545,Nova Nexus Limited ,Humans
546,Solar Syndicate Limited ,Humans
547,Aurora Suppliers Limited ,Mixed
548,Cosmic Ventures Limited ,Mixed
549,Stellar Sources Limited ,Humans
550,Orion Outfitters Limited ,Humans
551,Lunar Logistics Limited ,Mixed
552,Titan Traders Limited ,Mixed
553,Comet Commerce Limited ,Humans
554,Interstellar Imports Limited ,Humans
555,Skyward Suppliers Limited ,Mixed
556,Astral Assets Limited ,Mixed
557,Nova Nomads Limited ,Humans
558,Celestial Commodities Limited ,Humans
559,Apollo Associates Limited ,Mixed
560,Cosmic Commerce Limited ,Mixed
561,Orion Operations Limited ,Humans
562,Lunar Links Limited ,Humans
563,Phoenix Partners Limited ,Mixed
564,Galactic Goods Co. Limited ,Mixed
565,Stardust Suppliers Limited ,Humans
566,Interstellar Industries Limited ,Humans
567,Solar System Solutions Limited ,Mixed
568,Cosmic Connections Limited ,Humans
569,Skyward Solutions Limited ,Humans
570,Nebula Networks Limited ,Mixed
571,Celestial Suppliers Limited ,Mixed
572,Starlight Syndicate Limited ,Humans
573,Titan Trade Co. Limited ,Humans
574,Comet Consortium Limited ,Mixed
575,Astral Alliance Limited ,Mixed
576,Infinity Investments Limited ,Humans
577,Nebula Enterprises Limited ,Humans
578,Galactic Innovations Co. Limited ,Mixed
579,Starlight Solutions Limited ,Mixed
580,Nova Nexus Limited ,Humans
581,Solar Syndicate Limited ,Humans
582,Aurora Suppliers Limited ,Mixed
583,Cosmic Ventures Limited ,Mixed
584,Stellar Sources Limited ,Humans
585,Orion Outfitters Limited ,Humans
586,Lunar Logistics Limited ,Mixed
587,Titan Traders Limited ,Mixed
588,Comet Commerce Limited ,Humans
589,Interstellar Imports Limited ,Humans
590,Skyward Suppliers Limited ,Mixed
591,Astral Assets Limited ,Mixed
592,Nova Nomads Limited ,Humans
593,Celestial Commodities Limited ,Humans
594,Apollo Associates Limited ,Mixed
595,Cosmic Commerce Limited ,Mixed
596,Orion Operations Limited ,Humans
597,Lunar Links Limited ,Humans
598,Phoenix Partners Limited ,Mixed
599,Galactic Goods Co. Limited ,Mixed
600,Stardust Suppliers Limited ,Humans
601,Amidala Industries Pvt Ltd.,Humans
602,Organa Corp Pvt Ltd.,Mixed
603,The Emperor's Trove Pvt Ltd.,Mixed
604,Coruscant Industries Pvt Ltd.,Humans
605,Nebula Enterprises Pvt Ltd.,Humans
606,Galactic Innovations Co. Pvt Ltd.,Mixed
607,Starlight Solutions Pvt Ltd.,Mixed
608,Nova Nexus Pvt Ltd.,Humans
609,Infinity Imports Pvt Ltd.,Humans
610,Celestial Creations Pvt Ltd.,Mixed
611,Solar Syndicate Pvt Ltd.,Mixed
612,Aurora Suppliers Pvt Ltd.,Humans
613,Cosmic Ventures Pvt Ltd.,Humans
614,Stellar Sources Pvt Ltd.,Mixed
615,Orion Outfitters Pvt Ltd.,Mixed
616,Lunar Logistics Pvt Ltd.,Humans
617,Titan Traders Pvt Ltd.,Humans
618,Comet Commerce Pvt Ltd.,Mixed
619,Interstellar Imports Pvt Ltd.,Mixed
620,Skyward Suppliers Pvt Ltd.,Humans
621,Astral Assets Pvt Ltd.,Humans
622,Nova Nomads Pvt Ltd.,Mixed
623,Celestial Commodities Pvt Ltd.,Mixed
624,Apollo Associates Pvt Ltd.,Humans
625,Cosmic Commerce Pvt Ltd.,Humans
626,Orion Operations Pvt Ltd.,Mixed
627,Lunar Links Pvt Ltd.,Mixed
628,Phoenix Partners Pvt Ltd.,Humans
629,Galactic Goods Co. Pvt Ltd.,Humans
630,Stardust Suppliers Pvt Ltd.,Mixed
631,Interstellar Industries Pvt Ltd.,Humans
632,Solar System Solutions Pvt Ltd.,Humans
633,Cosmic Connections Pvt Ltd.,Mixed
634,Skyward Solutions Pvt Ltd.,Mixed
635,Nebula Networks Pvt Ltd.,Humans
636,Celestial Suppliers Pvt Ltd.,Humans
637,Starlight Syndicate Pvt Ltd.,Mixed
638,Titan Trade Co. Pvt Ltd.,Mixed
639,Comet Consortium Pvt Ltd.,Humans
640,Astral Alliance Pvt Ltd.,Humans
641,Infinity Investments Pvt Ltd.,Mixed
642,Galactic Innovations Co. Pvt Ltd.,Mixed
643,Solar Syndicate Pvt Ltd.,Humans
644,Nova Nexus Pvt Ltd.,Humans
645,Orion Outfitters Pvt Ltd.,Mixed
646,Lunar Logistics Pvt Ltd.,Mixed
647,Titan Traders Pvt Ltd.,Humans
648,Comet Commerce Pvt Ltd.,Humans
649,Interstellar Imports Pvt Ltd.,Mixed
650,Skyward Suppliers Pvt Ltd.,Mixed
651,Astral Assets Pvt Ltd.,Humans
652,Nova Nomads Pvt Ltd.,Humans
653,Celestial Commodities Pvt Ltd.,Mixed
654,Apollo Associates Pvt Ltd.,Mixed
655,Cosmic Commerce Pvt Ltd.,Humans
656,Orion Operations Pvt Ltd.,Humans
657,Lunar Links Pvt Ltd.,Mixed
658,Phoenix Partners Pvt Ltd.,Mixed
659,Galactic Goods Co. Pvt Ltd.,Humans
660,Stardust Suppliers Pvt Ltd.,Humans
661,Interstellar Industries Pvt Ltd.,Mixed
662,Solar System Solutions Pvt Ltd.,Mixed
663,Cosmic Connections Pvt Ltd.,Humans
664,Skyward Solutions Pvt Ltd.,Humans
665,Nebula Networks Pvt Ltd.,Mixed
666,Celestial Suppliers Pvt Ltd.,Mixed
667,Starlight Syndicate Pvt Ltd.,Humans
668,Titan Trade Co. Pvt Ltd.,Humans
669,Comet Consortium Pvt Ltd.,Mixed
670,Astral Alliance Pvt Ltd.,Mixed
671,Infinity Investments Pvt Ltd.,Humans
672,Nebula Enterprises Pvt Ltd.,Humans
673,Galactic Innovations Co. Pvt Ltd.,Mixed
674,Starlight Solutions Pvt Ltd.,Mixed
675,Nova Nexus Pvt Ltd.,Humans
676,Solar Syndicate Pvt Ltd.,Humans
677,Aurora Suppliers Pvt Ltd.,Mixed
678,Cosmic Ventures Pvt Ltd.,Mixed
679,Stellar Sources Pvt Ltd.,Humans
680,Orion Outfitters Pvt Ltd.,Humans
681,Lunar Logistics Pvt Ltd.,Mixed
682,Titan Traders Pvt Ltd.,Mixed
683,Comet Commerce Pvt Ltd.,Humans
684,Interstellar Imports Pvt Ltd.,Humans
685,Skyward Suppliers Pvt Ltd.,Mixed
686,Astral Assets Pvt Ltd.,Mixed
687,Nova Nomads Pvt Ltd.,Humans
688,Celestial Commodities Pvt Ltd.,Humans
689,Apollo Associates Pvt Ltd.,Mixed
690,Cosmic Commerce Pvt Ltd.,Mixed
691,Orion Operations Pvt Ltd.,Humans
692,Lunar Links Pvt Ltd.,Humans
693,Phoenix Partners Pvt Ltd.,Mixed
694,Galactic Goods Co. Pvt Ltd.,Humans
695,Stardust Suppliers Pvt Ltd.,Humans
696,Interstellar Industries Pvt Ltd.,Mixed
697,Solar System Solutions Pvt Ltd.,Mixed
698,Cosmic Connections Pvt Ltd.,Humans
699,Skyward Solutions Pvt Ltd.,Humans
700,Nebula Networks Pvt Ltd.,Mixed
701,Celestial Suppliers Pvt Ltd.,Mixed
702,Starlight Syndicate Pvt Ltd.,Humans
703,Titan Trade Co. Pvt Ltd.,Humans
704,Comet Consortium Pvt Ltd.,Mixed
705,Astral Alliance Pvt Ltd.,Mixed
706,Infinity Investments Pvt Ltd.,Humans
707,Nebula Enterprises Pvt Ltd.,Humans
708,Galactic Innovations Co. Pvt Ltd.,Mixed
709,Starlight Solutions Pvt Ltd.,Mixed
710,Nova Nexus Pvt Ltd.,Humans
711,Solar Syndicate Pvt Ltd.,Humans
712,Aurora Suppliers Pvt Ltd.,Mixed
713,Cosmic Ventures Pvt Ltd.,Mixed
714,Stellar Sources Pvt Ltd.,Humans
715,Orion Outfitters Pvt Ltd.,Humans
716,Lunar Logistics Pvt Ltd.,Mixed
717,Titan Traders Pvt Ltd.,Mixed
718,Comet Commerce Pvt Ltd.,Humans
719,Interstellar Imports Pvt Ltd.,Humans
720,Skyward Suppliers Pvt Ltd.,Mixed
721,Astral Assets Pvt Ltd.,Mixed
722,Nova Nomads Pvt Ltd.,Humans
723,Celestial Commodities Pvt Ltd.,Humans
724,Apollo Associates Pvt Ltd.,Mixed
725,Cosmic Commerce Pvt Ltd.,Mixed
726,Orion Operations Pvt Ltd.,Humans
727,Lunar Links Pvt Ltd.,Humans
728,Phoenix Partners Pvt Ltd.,Mixed
729,Galactic Goods Co. Pvt Ltd.,Mixed
730,Stardust Suppliers Pvt Ltd.,Humans
731,Interstellar Industries Pvt Ltd.,Humans
732,Solar System Solutions Pvt Ltd.,Mixed
733,Cosmic Connections Pvt Ltd.,Mixed
734,Skyward Solutions Pvt Ltd.,Humans
735,Nebula Networks Pvt Ltd.,Humans
736,Celestial Suppliers Pvt Ltd.,Mixed
737,Starlight Syndicate Pvt Ltd.,Mixed
738,Titan Trade Co. Pvt Ltd.,Humans
739,Comet Consortium Pvt Ltd.,Humans
740,Astral Alliance Pvt Ltd.,Mixed
741,Infinity Investments Pvt Ltd.,Mixed
742,Nebula Enterprises Pvt Ltd.,Humans
743,Galactic Innovations Co. Pvt Ltd.,Humans
744,Starlight Solutions Pvt Ltd.,Mixed
745,Nova Nexus Pvt Ltd.,Mixed
746,Solar Syndicate Pvt Ltd.,Humans
747,Aurora Suppliers Pvt Ltd.,Humans
748,Cosmic Ventures Pvt Ltd.,Mixed
749,Stellar Sources Pvt Ltd.,Mixed
750,Orion Outfitters Pvt Ltd.,Humans
751,Lunar Logistics Pvt Ltd.,Humans
752,Titan Traders Pvt Ltd.,Mixed
753,Comet Commerce Pvt Ltd.,Mixed
754,Interstellar Imports Pvt Ltd.,Humans
755,Skyward Suppliers Pvt Ltd.,Humans
756,Astral Assets Pvt Ltd.,Mixed
757,Nova Nomads Pvt Ltd.,Humans
758,Celestial Commodities Pvt Ltd.,Humans
759,Apollo Associates Pvt Ltd.,Mixed
760,Cosmic Commerce Pvt Ltd.,Mixed
761,Orion Operations Pvt Ltd.,Humans
762,Lunar Links Pvt Ltd.,Humans
763,Phoenix Partners Pvt Ltd.,Mixed
764,Galactic Goods Co. Pvt Ltd.,Mixed
765,Stardust Suppliers Pvt Ltd.,Humans
766,Interstellar Industries Pvt Ltd.,Humans
767,Solar System Solutions Pvt Ltd.,Mixed
768,Cosmic Connections Pvt Ltd.,Mixed
769,Skyward Solutions Pvt Ltd.,Humans
770,Nebula Networks Pvt Ltd.,Humans
771,Celestial Suppliers Pvt Ltd.,Mixed
772,Starlight Syndicate Pvt Ltd.,Mixed
773,Titan Trade Co. Pvt Ltd.,Humans
774,Comet Consortium Pvt Ltd.,Humans
775,Astral Alliance Pvt Ltd.,Mixed
776,Infinity Investments Pvt Ltd.,Mixed
777,Nebula Enterprises Pvt Ltd.,Humans
778,Galactic Innovations Co. Pvt Ltd.,Humans
779,Starlight Solutions Pvt Ltd.,Mixed
780,Nova Nexus Pvt Ltd.,Mixed
781,Solar Syndicate Pvt Ltd.,Humans
782,Aurora Suppliers Pvt Ltd.,Humans
783,Cosmic Ventures Pvt Ltd.,Mixed
784,Stellar Sources Pvt Ltd.,Mixed
785,Orion Outfitters Pvt Ltd.,Humans
786,Lunar Logistics Pvt Ltd.,Humans
787,Titan Traders Pvt Ltd.,Mixed
788,Comet Commerce Pvt Ltd.,Mixed
789,Interstellar Imports Pvt Ltd.,Humans
790,Skyward Suppliers Pvt Ltd.,Humans
791,Astral Assets Pvt Ltd.,Mixed
792,Nova Nomads Pvt Ltd.,Mixed
793,Celestial Commodities Pvt Ltd.,Humans
794,Apollo Associates Pvt Ltd.,Humans
795,Cosmic Commerce Pvt Ltd.,Mixed
796,Orion Operations Pvt Ltd.,Mixed
797,Lunar Links Pvt Ltd.,Humans
798,Phoenix Partners Pvt Ltd.,Humans
799,Galactic Goods Co. Pvt Ltd.,Mixed
800,Stardust Suppliers Pvt Ltd.,Mixed
801,Amidala Industries & Co.,Humans
802,Organa Corp & Co.,Humans
803,The Emperor's Trove & Co.,Mixed
804,Coruscant Industries & Co.,Mixed
805,Nebula Enterprises & Co.,Humans
806,Galactic Innovations Co. & Co.,Humans
807,Starlight Solutions & Co.,Mixed
808,Nova Nexus & Co.,Mixed
809,Infinity Imports & Co.,Humans
810,Celestial Creations & Co.,Humans
811,Solar Syndicate & Co.,Mixed
812,Aurora Suppliers & Co.,Mixed
813,Cosmic Ventures & Co.,Humans
814,Stellar Sources & Co.,Humans
815,Orion Outfitters & Co.,Mixed
816,Lunar Logistics & Co.,Mixed
817,Titan Traders & Co.,Humans
818,Comet Commerce & Co.,Humans
819,Interstellar Imports & Co.,Mixed
820,Skyward Suppliers & Co.,Humans
821,Astral Assets & Co.,Humans
822,Nova Nomads & Co.,Mixed
823,Celestial Commodities & Co.,Mixed
824,Apollo Associates & Co.,Humans
825,Cosmic Commerce & Co.,Humans
826,Orion Operations & Co.,Mixed
827,Lunar Links & Co.,Mixed
828,Phoenix Partners & Co.,Humans
829,Galactic Goods Co. & Co.,Humans
830,Stardust Suppliers & Co.,Mixed
831,Interstellar Industries & Co.,Mixed
832,Solar System Solutions & Co.,Humans
833,Cosmic Connections & Co.,Humans
834,Skyward Solutions & Co.,Mixed
835,Nebula Networks & Co.,Mixed
836,Celestial Suppliers & Co.,Humans
837,Starlight Syndicate & Co.,Humans
838,Titan Trade Co. & Co.,Mixed
839,Comet Consortium & Co.,Mixed
840,Astral Alliance & Co.,Humans
841,Infinity Investments & Co.,Humans
842,Galactic Innovations Co. & Co.,Mixed
843,Solar Syndicate & Co.,Mixed
844,Nova Nexus & Co.,Humans
845,Orion Outfitters & Co.,Humans
846,Lunar Logistics & Co.,Mixed
847,Titan Traders & Co.,Mixed
848,Comet Commerce & Co.,Humans
849,Interstellar Imports & Co.,Humans
850,Skyward Suppliers & Co.,Mixed
851,Astral Assets & Co.,Mixed
852,Nova Nomads & Co.,Humans
853,Celestial Commodities & Co.,Humans
854,Apollo Associates & Co.,Mixed
855,Cosmic Commerce & Co.,Mixed
856,Orion Operations & Co.,Humans
857,Lunar Links & Co.,Humans
858,Phoenix Partners & Co.,Mixed
859,Galactic Goods Co. & Co.,Mixed
860,Stardust Suppliers & Co.,Humans
861,Interstellar Industries & Co.,Humans
862,Solar System Solutions & Co.,Mixed
863,Cosmic Connections & Co.,Mixed
864,Skyward Solutions & Co.,Humans
865,Nebula Networks & Co.,Humans
866,Celestial Suppliers & Co.,Mixed
867,Starlight Syndicate & Co.,Mixed
868,Titan Trade Co. & Co.,Humans
869,Comet Consortium & Co.,Humans
870,Astral Alliance & Co.,Mixed
871,Infinity Investments & Co.,Mixed
872,Nebula Enterprises & Co.,Humans
873,Galactic Innovations Co. & Co.,Humans
874,Starlight Solutions & Co.,Mixed
875,Nova Nexus & Co.,Mixed
876,Solar Syndicate & Co.,Humans
877,Aurora Suppliers & Co.,Humans
878,Cosmic Ventures & Co.,Mixed
879,Stellar Sources & Co.,Mixed
880,Orion Outfitters & Co.,Humans
881,Lunar Logistics & Co.,Humans
882,Titan Traders & Co.,Mixed
883,Comet Commerce & Co.,Humans
884,Interstellar Imports & Co.,Humans
885,Skyward Suppliers & Co.,Mixed
886,Astral Assets & Co.,Mixed
887,Nova Nomads & Co.,Humans
888,Celestial Commodities & Co.,Humans
889,Apollo Associates & Co.,Mixed
890,Cosmic Commerce & Co.,Mixed
891,Orion Operations & Co.,Humans
892,Lunar Links & Co.,Humans
893,Phoenix Partners & Co.,Mixed
894,Galactic Goods Co. & Co.,Mixed
895,Stardust Suppliers & Co.,Humans
896,Interstellar Industries & Co.,Humans
897,Solar System Solutions & Co.,Mixed
898,Cosmic Connections & Co.,Mixed
899,Skyward Solutions & Co.,Humans
900,Nebula Networks & Co.,Humans
901,Celestial Suppliers & Co.,Mixed
902,Starlight Syndicate & Co.,Mixed
903,Titan Trade Co. & Co.,Humans
904,Comet Consortium & Co.,Humans
905,Astral Alliance & Co.,Mixed
906,Infinity Investments & Co.,Mixed
907,Nebula Enterprises & Co.,Humans
908,Galactic Innovations Co. & Co.,Humans
909,Starlight Solutions & Co.,Mixed
910,Nova Nexus & Co.,Mixed
911,Solar Syndicate & Co.,Humans
912,Aurora Suppliers & Co.,Humans
913,Cosmic Ventures & Co.,Mixed
914,Stellar Sources & Co.,Mixed
915,Orion Outfitters & Co.,Humans
916,Lunar Logistics & Co.,Humans
917,Titan Traders & Co.,Mixed
918,Comet Commerce & Co.,Mixed
919,Interstellar Imports & Co.,Humans
920,Skyward Suppliers & Co.,Humans
921,Astral Assets & Co.,Mixed
922,Nova Nomads & Co.,Mixed
923,Celestial Commodities & Co.,Humans
924,Apollo Associates & Co.,Humans
925,Cosmic Commerce & Co.,Mixed
926,Orion Operations & Co.,Mixed
927,Lunar Links & Co.,Humans
928,Phoenix Partners & Co.,Humans
929,Galactic Goods Co. & Co.,Mixed
930,Stardust Suppliers & Co.,Mixed
931,Interstellar Industries & Co.,Humans
932,Solar System Solutions & Co.,Humans
933,Cosmic Connections & Co.,Mixed
934,Skyward Solutions & Co.,Mixed
935,Nebula Networks & Co.,Humans
936,Celestial Suppliers & Co.,Humans
937,Starlight Syndicate & Co.,Mixed
938,Titan Trade Co. & Co.,Mixed
939,Comet Consortium & Co.,Humans
940,Astral Alliance & Co.,Humans
941,Infinity Investments & Co.,Mixed
942,Nebula Enterprises & Co.,Mixed
943,Galactic Innovations Co. & Co.,Humans
944,Starlight Solutions & Co.,Humans
945,Nova Nexus & Co.,Mixed
946,Solar Syndicate & Co.,Humans
947,Aurora Suppliers & Co.,Humans
948,Cosmic Ventures & Co.,Mixed
949,Stellar Sources & Co.,Mixed
950,Orion Outfitters & Co.,Humans
951,Lunar Logistics & Co.,Humans
952,Titan Traders & Co.,Mixed
953,Comet Commerce & Co.,Mixed
954,Interstellar Imports & Co.,Humans
955,Skyward Suppliers & Co.,Humans
956,Astral Assets & Co.,Mixed
957,Nova Nomads & Co.,Mixed
958,Celestial Commodities & Co.,Humans
959,Apollo Associates & Co.,Humans
960,Cosmic Commerce & Co.,Mixed
961,Orion Operations & Co.,Mixed
962,Lunar Links & Co.,Humans
963,Phoenix Partners & Co.,Humans
964,Galactic Goods Co. & Co.,Mixed
965,Stardust Suppliers & Co.,Mixed
966,Interstellar Industries & Co.,Humans
967,Solar System Solutions & Co.,Humans
968,Cosmic Connections & Co.,Mixed
969,Skyward Solutions & Co.,Mixed
970,Nebula Networks & Co.,Humans
971,Celestial Suppliers & Co.,Humans
972,Starlight Syndicate & Co.,Mixed
973,Titan Trade Co. & Co.,Mixed
974,Comet Consortium & Co.,Humans
975,Astral Alliance & Co.,Humans
976,Infinity Investments & Co.,Mixed
977,Nebula Enterprises & Co.,Mixed
978,Galactic Innovations Co. & Co.,Humans
979,Starlight Solutions & Co.,Humans
980,Nova Nexus & Co.,Mixed
981,Solar Syndicate & Co.,Mixed
982,Aurora Suppliers & Co.,Humans
983,Cosmic Ventures & Co.,Humans
984,Stellar Sources & Co.,Mixed
985,Orion Outfitters & Co.,Mixed
986,Lunar Logistics & Co.,Humans
987,Titan Traders & Co.,Humans
988,Comet Commerce & Co.,Mixed
989,Interstellar Imports & Co.,Mixed
990,Skyward Suppliers & Co.,Humans
991,Astral Assets & Co.,Humans
992,Nova Nomads & Co.,Mixed
993,Celestial Commodities & Co.,Mixed
994,Apollo Associates & Co.,Humans
995,Cosmic Commerce & Co.,Humans
996,Orion Operations & Co.,Mixed
997,Lunar Links & Co.,Mixed
998,Phoenix Partners & Co.,Humans
999,Galactic Goods Co. & Co.,Humans
1000,Stardust Suppliers & Co.,Mixed
